{
  "properties": {
    "connectionReferences": {
      "shared_commondataserviceforapps": {
        "runtimeSource": "embedded",
        "connection": {
          "connectionReferenceLogicalName": "cr2bb_sharedcommondataserviceforapps_8fe89"
        },
        "api": {
          "name": "shared_commondataserviceforapps"
        }
      }
    },
    "definition": {
      "$schema": "https://schema.management.azure.com/providers/Microsoft.Logic/schemas/2016-06-01/workflowdefinition.json#",
      "contentVersion": "1.0.0.0",
      "parameters": {
        "$connections": {
          "defaultValue": {},
          "type": "Object"
        },
        "$authentication": {
          "defaultValue": {},
          "type": "SecureObject"
        }
      },
      "triggers": {
        "When_a_row_is_added,_modified_or_deleted": {
          "metadata": {
            "operationMetadataId": "40db78f5-9819-4f29-96f5-b8c911248cd8"
          },
          "type": "OpenApiConnectionWebhook",
          "inputs": {
            "host": {
              "connectionName": "shared_commondataserviceforapps",
              "operationId": "SubscribeWebhookTrigger",
              "apiId": "/providers/Microsoft.PowerApps/apis/shared_commondataserviceforapps"
            },
            "parameters": {
              "subscriptionRequest/message": 3,
              "subscriptionRequest/entityname": "srsi_customerbills",
              "subscriptionRequest/scope": 4,
              "subscriptionRequest/filteringattributes": "srsi_documentstatus",
              "subscriptionRequest/filterexpression": "srsi_documentstatus eq 914700001"
            },
            "authentication": "@parameters('$authentication')"
          }
        }
      },
      "actions": {
        "Download_a_file_or_an_image": {
          "runAfter": {},
          "metadata": {
            "operationMetadataId": "0eb5a127-79e7-4540-b8dc-32667ba9d881"
          },
          "type": "OpenApiConnection",
          "inputs": {
            "host": {
              "connectionName": "shared_commondataserviceforapps",
              "operationId": "GetEntityFileImageFieldContent",
              "apiId": "/providers/Microsoft.PowerApps/apis/shared_commondataserviceforapps"
            },
            "parameters": {
              "entityName": "srsi_customerbillses",
              "recordId": "@triggerOutputs()?['body/srsi_customerbillsid']",
              "fileImageFieldName": "srsi_filedata"
            },
            "authentication": "@parameters('$authentication')"
          }
        },
        "Extract_information_from_documents": {
          "runAfter": {
            "Download_a_file_or_an_image": [
              "Succeeded"
            ]
          },
          "metadata": {
            "operationMetadataId": "ba3c2e7a-f3ca-41c0-b66b-e45df6161587",
            "flowSystemMetadata": {
              "portalOperationId": "aibuilderpredict_formsprocessing",
              "portalOperationGroup": "aibuilder",
              "portalOperationApiDisplayNameOverride": "AI Builder",
              "portalOperationIconOverride": "https://content.powerapps.com/resource/makerx/static/pauto/images/designeroperations/aiBuilderNew.51dbdb6b.png",
              "portalOperationBrandColorOverride": "#0A76C4",
              "portalOperationApiTierOverride": "Standard"
            }
          },
          "type": "OpenApiConnection",
          "inputs": {
            "host": {
              "connectionName": "shared_commondataserviceforapps",
              "operationId": "aibuilderpredict_formsprocessing",
              "apiId": "/providers/Microsoft.PowerApps/apis/shared_commondataserviceforapps"
            },
            "parameters": {
              "recordId": "6c3eb27d-c5ad-4858-8b22-7945abd683d4",
              "item/requestv2/mimeType": "image/jpeg",
              "item/requestv2/base64Encoded": "@body('Download_a_file_or_an_image')"
            },
            "authentication": "@parameters('$authentication')"
          }
        },
        "Add_a_new_row": {
          "runAfter": {
            "Compose_2": [
              "Succeeded"
            ]
          },
          "metadata": {
            "operationMetadataId": "6ee153aa-9b23-4748-b1eb-f09497a0c012"
          },
          "type": "OpenApiConnection",
          "inputs": {
            "host": {
              "connectionName": "shared_commondataserviceforapps",
              "operationId": "CreateRecord",
              "apiId": "/providers/Microsoft.PowerApps/apis/shared_commondataserviceforapps"
            },
            "parameters": {
              "entityName": "srsi_customerbillingdetailses",
              "item/srsi_billdate": "@outputs('Extract_information_from_documents')?['body/responsev2/predictionOutput/labels/Bill_002bfeae265e1ce90506b8727e43ff30b7c/value']",
              "item/srsi_currentreading": "@outputs('Extract_information_from_documents')?['body/responsev2/predictionOutput/labels/Current_dbff3241022549daa0d345cff0052937/value']",
              "item/srsi_Customer@odata.bind": "@outputs('Compose')",
              "item/srsi_CustomerBills@odata.bind": "@outputs('Compose_2')",
              "item/srsi_disconnectiondate": "@outputs('Extract_information_from_documents')?['body/responsev2/predictionOutput/labels/Disconnec7f12b1926cbc6e5e565e693089fb7c1/value']",
              "item/srsi_duedate": "@outputs('Extract_information_from_documents')?['body/responsev2/predictionOutput/labels/Due_002057870fd03032bf243c119bee6c0416a9/value']",
              "item/srsi_fromdate": "@outputs('Extract_information_from_documents')?['body/responsev2/predictionOutput/labels/From_00261288e82a1ba695de7428485fecd130e/value']",
              "item/srsi_previousreading": "@outputs('Extract_information_from_documents')?['body/responsev2/predictionOutput/labels/Previous56911324f9423e5b4ccceffbb5eb2c84/value']",
              "item/srsi_todate": "@outputs('Extract_information_from_documents')?['body/responsev2/predictionOutput/labels/To_0020D8f44d1ea3ccaa10c5b73e27c8130bfd2/value']",
              "item/srsi_totaldue": "@outputs('Extract_information_from_documents')?['body/responsev2/predictionOutput/labels/Total_001f25b74796671d6b566a8ca220664816/value']",
              "item/srsi_billdetailsid": "",
              "item/srsi_name": "@concat(formatDateTime(outputs('Extract_information_from_documents')?['body/responsev2/predictionOutput/labels/Bill_002bfeae265e1ce90506b8727e43ff30b7c/value'], 'MMM'), '_',\r\nformatDateTime(outputs('Extract_information_from_documents')?['body/responsev2/predictionOutput/labels/Bill_002bfeae265e1ce90506b8727e43ff30b7c/value'], 'yyyy'))"
            },
            "authentication": "@parameters('$authentication')"
          }
        },
        "Initialize_SC_No": {
          "runAfter": {
            "Extract_information_from_documents": [
              "Succeeded"
            ]
          },
          "metadata": {
            "operationMetadataId": "9f94c5da-dca6-46cc-8f30-224ecfab4d80"
          },
          "type": "InitializeVariable",
          "inputs": {
            "variables": [
              {
                "name": "cust_SCNo",
                "type": "string",
                "value": "@outputs('Extract_information_from_documents')?['body/responsev2/predictionOutput/labels/SC_0020Ne985ebd833fbc6efa88d25818ac8c5a1/value']"
              }
            ]
          }
        },
        "Initialize_USC_No": {
          "runAfter": {
            "Initialize_SC_No": [
              "Succeeded"
            ]
          },
          "metadata": {
            "operationMetadataId": "6538c106-035f-4671-a52c-ac5297295643"
          },
          "type": "InitializeVariable",
          "inputs": {
            "variables": [
              {
                "name": "cust_USCNo",
                "type": "string",
                "value": "@outputs('Extract_information_from_documents')?['body/responsev2/predictionOutput/labels/USc_0020723e15c60dfeeb254866a6ba88763222/value']"
              }
            ]
          }
        },
        "List_rows": {
          "runAfter": {
            "Initialize_USC_No": [
              "Succeeded"
            ]
          },
          "metadata": {
            "operationMetadataId": "191cfb29-5be2-4080-8b83-fa3232f4c1b4"
          },
          "type": "OpenApiConnection",
          "inputs": {
            "host": {
              "connectionName": "shared_commondataserviceforapps",
              "operationId": "ListRecords",
              "apiId": "/providers/Microsoft.PowerApps/apis/shared_commondataserviceforapps"
            },
            "parameters": {
              "entityName": "srsi_customerdetailses",
              "$filter": "srsi_uscno eq @{variables('cust_USCNo')}",
              "$top": 1
            },
            "authentication": "@parameters('$authentication')"
          }
        },
        "Compose": {
          "runAfter": {
            "List_rows": [
              "Succeeded"
            ]
          },
          "metadata": {
            "operationMetadataId": "28cd1116-67cc-4a99-b3fa-081e6b5e2ca4"
          },
          "type": "Compose",
          "inputs": "@first(outputs('List_rows')?['body/value'])?['@odata.id']"
        },
        "List_rows_2": {
          "runAfter": {
            "Compose": [
              "Succeeded"
            ]
          },
          "metadata": {
            "operationMetadataId": "de5f50f2-efd7-4ea2-b9f4-a535f729dbc5"
          },
          "type": "OpenApiConnection",
          "inputs": {
            "host": {
              "connectionName": "shared_commondataserviceforapps",
              "operationId": "ListRecords",
              "apiId": "/providers/Microsoft.PowerApps/apis/shared_commondataserviceforapps"
            },
            "parameters": {
              "entityName": "srsi_customerbillses",
              "$filter": "srsi_customerbillsid eq '@{triggerOutputs()?['body/srsi_customerbillsid']}'",
              "$top": 1
            },
            "authentication": "@parameters('$authentication')"
          }
        },
        "Compose_2": {
          "runAfter": {
            "List_rows_2": [
              "Succeeded"
            ]
          },
          "metadata": {
            "operationMetadataId": "a4c661ca-7657-49c0-969f-6d1c6c8872e4"
          },
          "type": "Compose",
          "inputs": "@first(outputs('List_rows_2')?['body/value'])?['@odata.id']"
        },
        "Update_a_row": {
          "runAfter": {
            "Add_a_new_row": [
              "Succeeded"
            ]
          },
          "metadata": {
            "operationMetadataId": "23ef2261-ff09-4e32-8205-1a70aae7f544"
          },
          "type": "OpenApiConnection",
          "inputs": {
            "host": {
              "connectionName": "shared_commondataserviceforapps",
              "operationId": "UpdateOnlyRecord",
              "apiId": "/providers/Microsoft.PowerApps/apis/shared_commondataserviceforapps"
            },
            "parameters": {
              "entityName": "srsi_customerbillses",
              "recordId": "@triggerOutputs()?['body/srsi_customerbillsid']",
              "item/srsi_documentstatus": 914700004
            },
            "authentication": "@parameters('$authentication')"
          }
        }
      }
    },
    "templateName": ""
  },
  "schemaVersion": "1.0.0.0"
}