{
  "properties": {
    "connectionReferences": {
      "shared_commondataserviceforapps": {
        "runtimeSource": "embedded",
        "connection": {
          "connectionReferenceLogicalName": "cr2bb_sharedcommondataserviceforapps_8fe89"
        },
        "api": {
          "name": "shared_commondataserviceforapps"
        }
      }
    },
    "definition": {
      "$schema": "https://schema.management.azure.com/providers/Microsoft.Logic/schemas/2016-06-01/workflowdefinition.json#",
      "contentVersion": "1.0.0.0",
      "parameters": {
        "$connections": {
          "defaultValue": {},
          "type": "Object"
        },
        "$authentication": {
          "defaultValue": {},
          "type": "SecureObject"
        }
      },
      "triggers": {
        "manual": {
          "metadata": {
            "operationMetadataId": "673c4b63-466f-4894-a5e8-c7638b8f8e49"
          },
          "type": "Request",
          "kind": "PowerAppV2",
          "inputs": {
            "schema": {
              "type": "object",
              "properties": {
                "text_1": {
                  "title": "ContentBytes",
                  "type": "string",
                  "x-ms-dynamically-added": true,
                  "description": "Please enter your input",
                  "x-ms-content-hint": "TEXT"
                },
                "text": {
                  "title": "FileName",
                  "type": "string",
                  "x-ms-dynamically-added": true,
                  "description": "Please enter your input",
                  "x-ms-content-hint": "TEXT"
                },
                "text_2": {
                  "title": "FileMIMEType",
                  "type": "string",
                  "x-ms-dynamically-added": true,
                  "description": "Please enter your input",
                  "x-ms-content-hint": "TEXT"
                }
              },
              "required": [
                "text_1",
                "text",
                "text_2"
              ]
            }
          }
        }
      },
      "actions": {
        "Add_a_new_row": {
          "runAfter": {
            "Compose": [
              "Succeeded"
            ]
          },
          "metadata": {
            "operationMetadataId": "ac6ad9e5-1c46-49e9-a711-77b8dd3522e5"
          },
          "type": "OpenApiConnection",
          "inputs": {
            "host": {
              "connectionName": "shared_commondataserviceforapps",
              "operationId": "CreateRecord",
              "apiId": "/providers/Microsoft.PowerApps/apis/shared_commondataserviceforapps"
            },
            "parameters": {
              "entityName": "srsi_customerbillses",
              "item/srsi_name": "@triggerBody()['text']",
              "item/srsi_filemimetype": "@triggerBody()['text_2']",
              "item/srsi_filename": "@triggerBody()['text']"
            },
            "authentication": "@parameters('$authentication')"
          }
        },
        "Upload_a_file_or_an_image": {
          "runAfter": {
            "Add_a_new_row": [
              "Succeeded"
            ]
          },
          "metadata": {
            "operationMetadataId": "37efae55-2c9c-4540-8908-e5874797751a"
          },
          "type": "OpenApiConnection",
          "inputs": {
            "host": {
              "connectionName": "shared_commondataserviceforapps",
              "operationId": "UpdateEntityFileImageFieldContent",
              "apiId": "/providers/Microsoft.PowerApps/apis/shared_commondataserviceforapps"
            },
            "parameters": {
              "entityName": "srsi_customerbillses",
              "recordId": "@outputs('Add_a_new_row')?['body/srsi_customerbillsid']",
              "fileImageFieldName": "srsi_filedata",
              "item": "@outputs('Compose')",
              "x-ms-file-name": "@triggerBody()['text']"
            },
            "authentication": "@parameters('$authentication')"
          }
        },
        "Compose": {
          "runAfter": {},
          "metadata": {
            "operationMetadataId": "0c649282-c375-42fc-b804-7e7932454a78"
          },
          "type": "Compose",
          "inputs": "@base64ToBinary(replace(replace(replace(triggerBody()['text_1'], '\"', ''),'data:image/png;base64,', ''),'data:image/jpeg;base64,', ''))"
        },
        "Update_a_row": {
          "runAfter": {
            "Upload_a_file_or_an_image": [
              "Succeeded"
            ]
          },
          "metadata": {
            "operationMetadataId": "8c431cea-e7b2-444a-b5ff-17ae61e8b5fe"
          },
          "type": "OpenApiConnection",
          "inputs": {
            "host": {
              "connectionName": "shared_commondataserviceforapps",
              "operationId": "UpdateOnlyRecord",
              "apiId": "/providers/Microsoft.PowerApps/apis/shared_commondataserviceforapps"
            },
            "parameters": {
              "entityName": "srsi_customerbillses",
              "recordId": "@outputs('Add_a_new_row')?['body/srsi_customerbillsid']",
              "item/srsi_documentstatus": 914700001
            },
            "authentication": "@parameters('$authentication')"
          }
        },
        "Respond_to_a_Power_App_or_flow": {
          "runAfter": {
            "Update_a_row": [
              "Succeeded"
            ]
          },
          "metadata": {
            "operationMetadataId": "f145965b-cb12-42c7-8706-345698257ba1"
          },
          "type": "Response",
          "kind": "PowerApp",
          "inputs": {
            "statusCode": 200,
            "body": {
              "importerstatus": "@{concat(triggerBody()['text'], ' is submitted for processing.')}"
            },
            "schema": {
              "type": "object",
              "properties": {
                "importerstatus": {
                  "title": "ImporterStatus",
                  "x-ms-dynamically-added": true,
                  "type": "string"
                }
              }
            }
          }
        }
      }
    },
    "templateName": ""
  },
  "schemaVersion": "1.0.0.0"
}