<ImportExportXml version="9.2.25014.216" SolutionPackageVersion="9.2" languagecode="1033" generatedBy="CrmLive" xmlns:xsi="http://www.w3.org/2001/XMLSchema-instance" OrganizationVersion="9.2.25014.216" OrganizationSchemaType="Standard" CRMServerServiceabilityVersion="9.2.25014.00216">
  <SolutionManifest>
    <UniqueName>ElectricityBillPal</UniqueName>
    <LocalizedNames>
      <LocalizedName description="Electricity Bill Pal" languagecode="1033" />
    </LocalizedNames>
    <Descriptions />
    <Version>1.0.0.1</Version>
    <Managed>1</Managed>
    <Publisher>
      <UniqueName>Sriram</UniqueName>
      <LocalizedNames>
        <LocalizedName description="Sriram" languagecode="1033" />
      </LocalizedNames>
      <Descriptions />
      <EMailAddress xsi:nil="true"></EMailAddress>
      <SupportingWebsiteUrl xsi:nil="true"></SupportingWebsiteUrl>
      <CustomizationPrefix>srsi</CustomizationPrefix>
      <CustomizationOptionValuePrefix>44101</CustomizationOptionValuePrefix>
      <Addresses>
        <Address>
          <AddressNumber>1</AddressNumber>
          <AddressTypeCode>1</AddressTypeCode>
          <City xsi:nil="true"></City>
          <County xsi:nil="true"></County>
          <Country xsi:nil="true"></Country>
          <Fax xsi:nil="true"></Fax>
          <FreightTermsCode xsi:nil="true"></FreightTermsCode>
          <ImportSequenceNumber xsi:nil="true"></ImportSequenceNumber>
          <Latitude xsi:nil="true"></Latitude>
          <Line1 xsi:nil="true"></Line1>
          <Line2 xsi:nil="true"></Line2>
          <Line3 xsi:nil="true"></Line3>
          <Longitude xsi:nil="true"></Longitude>
          <Name xsi:nil="true"></Name>
          <PostalCode xsi:nil="true"></PostalCode>
          <PostOfficeBox xsi:nil="true"></PostOfficeBox>
          <PrimaryContactName xsi:nil="true"></PrimaryContactName>
          <ShippingMethodCode>1</ShippingMethodCode>
          <StateOrProvince xsi:nil="true"></StateOrProvince>
          <Telephone1 xsi:nil="true"></Telephone1>
          <Telephone2 xsi:nil="true"></Telephone2>
          <Telephone3 xsi:nil="true"></Telephone3>
          <TimeZoneRuleVersionNumber xsi:nil="true"></TimeZoneRuleVersionNumber>
          <UPSZone xsi:nil="true"></UPSZone>
          <UTCOffset xsi:nil="true"></UTCOffset>
          <UTCConversionTimeZoneCode xsi:nil="true"></UTCConversionTimeZoneCode>
        </Address>
        <Address>
          <AddressNumber>2</AddressNumber>
          <AddressTypeCode>1</AddressTypeCode>
          <City xsi:nil="true"></City>
          <County xsi:nil="true"></County>
          <Country xsi:nil="true"></Country>
          <Fax xsi:nil="true"></Fax>
          <FreightTermsCode xsi:nil="true"></FreightTermsCode>
          <ImportSequenceNumber xsi:nil="true"></ImportSequenceNumber>
          <Latitude xsi:nil="true"></Latitude>
          <Line1 xsi:nil="true"></Line1>
          <Line2 xsi:nil="true"></Line2>
          <Line3 xsi:nil="true"></Line3>
          <Longitude xsi:nil="true"></Longitude>
          <Name xsi:nil="true"></Name>
          <PostalCode xsi:nil="true"></PostalCode>
          <PostOfficeBox xsi:nil="true"></PostOfficeBox>
          <PrimaryContactName xsi:nil="true"></PrimaryContactName>
          <ShippingMethodCode>1</ShippingMethodCode>
          <StateOrProvince xsi:nil="true"></StateOrProvince>
          <Telephone1 xsi:nil="true"></Telephone1>
          <Telephone2 xsi:nil="true"></Telephone2>
          <Telephone3 xsi:nil="true"></Telephone3>
          <TimeZoneRuleVersionNumber xsi:nil="true"></TimeZoneRuleVersionNumber>
          <UPSZone xsi:nil="true"></UPSZone>
          <UTCOffset xsi:nil="true"></UTCOffset>
          <UTCConversionTimeZoneCode xsi:nil="true"></UTCConversionTimeZoneCode>
        </Address>
      </Addresses>
    </Publisher>
    <RootComponents>
      <RootComponent type="1" schemaName="srsi_customerbillingdetails" behavior="0" />
      <RootComponent type="1" schemaName="srsi_customerbills" behavior="0" />
      <RootComponent type="1" schemaName="srsi_customerdetails" behavior="0" />
      <RootComponent type="29" id="{833a5614-34f5-ef11-be20-00224887abc3}" behavior="0" />
      <RootComponent type="29" id="{98a947fa-aff5-ef11-be20-7c1e525ec88d}" behavior="0" />
      <RootComponent type="29" id="{e257590d-b8f5-ef11-be20-00224887abc3}" behavior="0" />
      <RootComponent type="300" schemaName="srsi_ebreceiptpal_2f1d0" behavior="0" />
      <RootComponent type="401" id="{6c3eb27d-c5ad-4858-8b22-7945abd683d4}" behavior="0" />
    </RootComponents>
    <MissingDependencies>
      <MissingDependency>
        <Required type="9" schemaName="aib_documentautomationprocessingtatus" displayName="Document Automation Processing Status" solution="Documentautomationbasekit (202406.5.2801.0)">
          <package appName="Power Automate document automation base kit" version="202406.5.2801.0">Documentautomationbasekit (202406.5.2801.0)</package>
        </Required>
        <Dependent type="2" schemaName="srsi_documentstatus" displayName="Document Status" parentSchemaName="srsi_customerbills" parentDisplayName="Customer Bills" />
      </MissingDependency>
    </MissingDependencies>
  </SolutionManifest>
</ImportExportXml>